"unitid","institution name","year","HD2023.Postsecondary and Title IV institution indicator","HD2023.FIPS state code","HD2023.Sector of institution","HD2023.Institutional category","DRVEF122023.Total 12-month unduplicated headcount","DRVC2023.Bachelor's degree","DRVC2023.Master's degree","DRVC2023.Number of students receiving a Bachelor's degree","DRVC2023.Number of students receiving a Master's degree"
"100937","Birmingham-Southern College","2023","Title IV postsecondary institution","Alabama","Private not-for-profit, 4-year or above","Degree-granting, primarily baccalaureate or above","1000","278","0","273","0"
"101435","Huntingdon College","2023","Title IV postsecondary institution","Alabama","Private not-for-profit, 4-year or above","Degree-granting, primarily baccalaureate or above","847","173","5","173","5"
"101453","Heritage Christian University","2023","Title IV postsecondary institution","Alabama","Private not-for-profit, 4-year or above","Degree-granting, primarily baccalaureate or above","190","10","14","10","14"
"101912","Oakwood University","2023","Title IV postsecondary institution","Alabama","Private not-for-profit, 4-year or above","Degree-granting, primarily baccalaureate or above","1650","189","4","186","4"
"102234","Spring Hill College","2023","Title IV postsecondary institution","Alabama","Private not-for-profit, 4-year or above","Degree-granting, primarily baccalaureate or above","1215","209","48","209","48"
"102298","Talladega College","2023","Title IV postsecondary institution","Alabama","Private not-for-profit, 4-year or above","Degree-granting, primarily baccalaureate or above","1337","144","41","144","41"
"104586","Embry-Riddle Aeronautical University-Prescott","2023","Title IV postsecondary institution","Arizona","Private not-for-profit, 4-year or above","Degree-granting, primarily baccalaureate or above","3341","613","14","609","14"
"105899","Arizona Christian University","2023","Title IV postsecondary institution","Arizona","Private not-for-profit, 4-year or above","Degree-granting, primarily baccalaureate or above","1172","188","0","187","0"
"106342","Lyon College","2023","Title IV postsecondary institution","Arkansas","Private not-for-profit, 4-year or above","Degree-granting, primarily baccalaureate or above","511","118","0","118","0"
"107080","Hendrix College","2023","Title IV postsecondary institution","Arkansas","Private not-for-profit, 4-year or above","Degree-granting, primarily baccalaureate or above","1162","211","11","211","11"
"107141","John Brown University","2023","Title IV postsecondary institution","Arkansas","Private not-for-profit, 4-year or above","Degree-granting, primarily baccalaureate or above","2726","334","158","325","158"
"107512","Ouachita Baptist University","2023","Title IV postsecondary institution","Arkansas","Private not-for-profit, 4-year or above","Degree-granting, primarily baccalaureate or above","1898","344","46","344","46"
"107600","Philander Smith University","2023","Title IV postsecondary institution","Arkansas","Private not-for-profit, 4-year or above","Degree-granting, primarily baccalaureate or above","1167","138","0","138","0"
"107877","Williams Baptist University","2023","Title IV postsecondary institution","Arkansas","Private not-for-profit, 4-year or above","Degree-granting, primarily baccalaureate or above","621","122","12","119","12"
"109651","Art Center College of Design","2023","Title IV postsecondary institution","California","Private not-for-profit, 4-year or above","Degree-granting, primarily baccalaureate or above","2965","521","87","521","87"
"110370","California College of the Arts","2023","Title IV postsecondary institution","California","Private not-for-profit, 4-year or above","Degree-granting, primarily baccalaureate or above","1649","279","185","279","185"
"112084","San Diego Christian College","2023","Title IV postsecondary institution","California","Private not-for-profit, 4-year or above","Degree-granting, primarily baccalaureate or above","493","67","32","67","32"
"112260","Claremont McKenna College","2023","Title IV postsecondary institution","California","Private not-for-profit, 4-year or above","Degree-granting, primarily baccalaureate or above","1413","326","13","326","13"
"114813","Fresno Pacific University","2023","Title IV postsecondary institution","California","Private not-for-profit, 4-year or above","Degree-granting, primarily baccalaureate or above","3956","735","323","734","323"
"117104","Life Pacific University","2023","Title IV postsecondary institution","California","Private not-for-profit, 4-year or above","Degree-granting, primarily baccalaureate or above","556","82","55","82","55"
"117168","Laguna College of Art and Design","2023","Title IV postsecondary institution","California","Private not-for-profit, 4-year or above","Degree-granting, primarily baccalaureate or above","824","132","18","132","18"
"118693","Menlo College","2023","Title IV postsecondary institution","California","Private not-for-profit, 4-year or above","Degree-granting, primarily baccalaureate or above","875","182","0","182","0"
"118888","Northeastern University Oakland","2023","Title IV postsecondary institution","California","Private not-for-profit, 4-year or above","Degree-granting, primarily baccalaureate or above",,"0","0","0","0"
"120254","Occidental College","2023","Title IV postsecondary institution","California","Private not-for-profit, 4-year or above","Degree-granting, primarily baccalaureate or above","2029","501","0","501","0"
"120403","Otis College of Art and Design","2023","Title IV postsecondary institution","California","Private not-for-profit, 4-year or above","Degree-granting, primarily baccalaureate or above","1380","235","12","235","12"
"120768","Pacific Oaks College","2023","Title IV postsecondary institution","California","Private not-for-profit, 4-year or above","Degree-granting, primarily baccalaureate or above","1497","99","200","99","200"
"120838","Pacific States University","2023","Title IV postsecondary institution","California","Private not-for-profit, 4-year or above","Degree-granting, primarily baccalaureate or above","29","0","6","0","6"
"120865","Pacific Union College","2023","Title IV postsecondary institution","California","Private not-for-profit, 4-year or above","Degree-granting, primarily baccalaureate or above","1226","129","1","129","1"
"122506","San Francisco Conservatory of Music","2023","Title IV postsecondary institution","California","Private not-for-profit, 4-year or above","Degree-granting, primarily baccalaureate or above","459","51","104","51","104"
"122728","William Jessup University","2023","Title IV postsecondary institution","California","Private not-for-profit, 4-year or above","Degree-granting, primarily baccalaureate or above","2150","240","184","240","184"
"123280","Shasta Bible College and Graduate School","2023","Title IV postsecondary institution","California","Private not-for-profit, 4-year or above","Degree-granting, primarily baccalaureate or above","48","7","5","7","5"
"123457","Simpson University","2023","Title IV postsecondary institution","California","Private not-for-profit, 4-year or above","Degree-granting, primarily baccalaureate or above","1095","192","49","192","49"
"123651","Vanguard University of Southern California","2023","Title IV postsecondary institution","California","Private not-for-profit, 4-year or above","Degree-granting, primarily baccalaureate or above","2612","407","153","401","153"
"123952","Southern California Institute of Architecture","2023","Title IV postsecondary institution","California","Private not-for-profit, 4-year or above","Degree-granting, primarily baccalaureate or above","626","49","111","49","111"
"125763","Whittier College","2023","Title IV postsecondary institution","California","Private not-for-profit, 4-year or above","Degree-granting, primarily baccalaureate or above","1252","338","18","338","18"
"125897","Woodbury University","2023","Title IV postsecondary institution","California","Private not-for-profit, 4-year or above","Degree-granting, primarily baccalaureate or above","1041","192","47","192","47"
"126678","Colorado College","2023","Title IV postsecondary institution","Colorado","Private not-for-profit, 4-year or above","Degree-granting, primarily baccalaureate or above","2431","545","19","545","19"
"127653","Naropa University","2023","Title IV postsecondary institution","Colorado","Private not-for-profit, 4-year or above","Degree-granting, primarily baccalaureate or above","1212","70","185","70","185"
"128498","Albertus Magnus College","2023","Title IV postsecondary institution","Connecticut","Private not-for-profit, 4-year or above","Degree-granting, primarily baccalaureate or above","1609","293","118","266","118"
"129534","Holy Apostles College and Seminary","2023","Title IV postsecondary institution","Connecticut","Private not-for-profit, 4-year or above","Degree-granting, primarily baccalaureate or above","991","48","101","48","101"
"130590","Trinity College","2023","Title IV postsecondary institution","Connecticut","Private not-for-profit, 4-year or above","Degree-granting, primarily baccalaureate or above","2294","505","15","505","15"
"131876","Trinity Washington University","2023","Title IV postsecondary institution","District of Columbia","Private not-for-profit, 4-year or above","Degree-granting, primarily baccalaureate or above","2188","234","114","234","114"
"132408","Baptist University of Florida","2023","Title IV postsecondary institution","Florida","Private not-for-profit, 4-year or above","Degree-granting, primarily baccalaureate or above","537","42","3","42","3"
"132602","Bethune-Cookman University","2023","Title IV postsecondary institution","Florida","Private not-for-profit, 4-year or above","Degree-granting, primarily baccalaureate or above","3099","337","35","337","35"
"133526","Edward Waters University","2023","Title IV postsecondary institution","Florida","Private not-for-profit, 4-year or above","Degree-granting, primarily baccalaureate or above","1223","110","23","110","23"
"133711","Flagler College","2023","Title IV postsecondary institution","Florida","Private not-for-profit, 4-year or above","Degree-granting, primarily baccalaureate or above","2742","552","7","543","7"
"133979","Florida Memorial University","2023","Title IV postsecondary institution","Florida","Private not-for-profit, 4-year or above","Degree-granting, primarily baccalaureate or above","1375","134","12","134","12"
"134510","Hobe Sound Bible College","2023","Title IV postsecondary institution","Florida","Private not-for-profit, 4-year or above","Degree-granting, primarily baccalaureate or above","203","22","1","22","1"
"135610","Trinity International University-Florida","2023","Title IV postsecondary institution","Florida","Private not-for-profit, 4-year or above","Degree-granting, primarily baccalaureate or above","157","15","9","15","9"
"137272","St. John Vianney College Seminary","2023","Title IV postsecondary institution","Florida","Private not-for-profit, 4-year or above","Degree-granting, primarily baccalaureate or above","55","10","7","10","7"
"137777","Talmudic College of Florida","2023","Title IV postsecondary institution","Florida","Private not-for-profit, 4-year or above","Degree-granting, primarily baccalaureate or above","39","7","0","7","0"
"137953","Trinity Baptist College","2023","Title IV postsecondary institution","Florida","Private not-for-profit, 4-year or above","Degree-granting, primarily baccalaureate or above","469","70","4","69","4"
"138275","Warner University","2023","Title IV postsecondary institution","Florida","Private not-for-profit, 4-year or above","Degree-granting, primarily baccalaureate or above","958","133","31","131","31"
"138293","Webber International University","2023","Title IV postsecondary institution","Florida","Private not-for-profit, 4-year or above","Degree-granting, primarily baccalaureate or above","1271","138","17","138","17"
"138600","Agnes Scott College","2023","Title IV postsecondary institution","Georgia","Private not-for-profit, 4-year or above","Degree-granting, primarily baccalaureate or above","1253","199","18","199","18"
"138868","Point University","2023","Title IV postsecondary institution","Georgia","Private not-for-profit, 4-year or above","Degree-granting, primarily baccalaureate or above","4189","154","14","154","14"
"139144","Berry College","2023","Title IV postsecondary institution","Georgia","Private not-for-profit, 4-year or above","Degree-granting, primarily baccalaureate or above","2466","463","92","457","92"
"139205","Brewton-Parker College","2023","Title IV postsecondary institution","Georgia","Private not-for-profit, 4-year or above","Degree-granting, primarily baccalaureate or above","1067","69","0","69","0"
"139393","Covenant College","2023","Title IV postsecondary institution","Georgia","Private not-for-profit, 4-year or above","Degree-granting, primarily baccalaureate or above","935","155","26","155","26"
"139630","Emmanuel University","2023","Title IV postsecondary institution","Georgia","Private not-for-profit, 4-year or above","Degree-granting, primarily baccalaureate or above","916","133","0","133","0"
"140234","LaGrange College","2023","Title IV postsecondary institution","Georgia","Private not-for-profit, 4-year or above","Degree-granting, primarily baccalaureate or above","812","130","52","120","52"
"140696","Oglethorpe University","2023","Title IV postsecondary institution","Georgia","Private not-for-profit, 4-year or above","Degree-granting, primarily baccalaureate or above","1540","234","0","234","0"
"140872","Reinhardt University","2023","Title IV postsecondary institution","Georgia","Private not-for-profit, 4-year or above","Degree-granting, primarily baccalaureate or above","1251","253","74","252","74"
"140951","Savannah College of Art and Design","2023","Title IV postsecondary institution","Georgia","Private not-for-profit, 4-year or above","Degree-granting, primarily baccalaureate or above","18369","2729","927","2729","921"
"140988","Shorter University","2023","Title IV postsecondary institution","Georgia","Private not-for-profit, 4-year or above","Degree-granting, primarily baccalaureate or above","1899","237","108","233","107"
"141167","Thomas University","2023","Title IV postsecondary institution","Georgia","Private not-for-profit, 4-year or above","Degree-granting, primarily baccalaureate or above","1929","187","256","187","256"
"141185","Toccoa Falls College","2023","Title IV postsecondary institution","Georgia","Private not-for-profit, 4-year or above","Degree-granting, primarily baccalaureate or above","2666","151","14","151","14"
"141237","Truett McConnell University","2023","Title IV postsecondary institution","Georgia","Private not-for-profit, 4-year or above","Degree-granting, primarily baccalaureate or above","3151","167","38","167","38"
"141325","Wesleyan College","2023","Title IV postsecondary institution","Georgia","Private not-for-profit, 4-year or above","Degree-granting, primarily baccalaureate or above","1095","97","27","97","27"
"141361","Young Harris College","2023","Title IV postsecondary institution","Georgia","Private not-for-profit, 4-year or above","Degree-granting, primarily baccalaureate or above","1744","159","13","159","13"
"142294","The College of Idaho","2023","Title IV postsecondary institution","Idaho","Private not-for-profit, 4-year or above","Degree-granting, primarily baccalaureate or above","1120","264","8","264","8"
"143048","School of the Art Institute of Chicago","2023","Title IV postsecondary institution","Illinois","Private not-for-profit, 4-year or above","Degree-granting, primarily baccalaureate or above","3736","600","290","600","290"
"143084","Augustana College","2023","Title IV postsecondary institution","Illinois","Private not-for-profit, 4-year or above","Degree-granting, primarily baccalaureate or above","2476","528","17","528","17"
"144281","Columbia College Chicago","2023","Title IV postsecondary institution","Illinois","Private not-for-profit, 4-year or above","Degree-granting, primarily baccalaureate or above","7010","1297","98","1284","98"
"145372","Greenville University","2023","Title IV postsecondary institution","Illinois","Private not-for-profit, 4-year or above","Degree-granting, primarily baccalaureate or above","1402","225","65","225","65"
"145691","Illinois College","2023","Title IV postsecondary institution","Illinois","Private not-for-profit, 4-year or above","Degree-granting, primarily baccalaureate or above","1130","283","0","283","0"
"146481","Lake Forest College","2023","Title IV postsecondary institution","Illinois","Private not-for-profit, 4-year or above","Degree-granting, primarily baccalaureate or above","1898","360","19","360","19"
"147129","Methodist College","2023","Title IV postsecondary institution","Illinois","Private not-for-profit, 4-year or above","Degree-granting, primarily baccalaureate or above","636","111","14","111","14"
"148131","Quincy University","2023","Title IV postsecondary institution","Illinois","Private not-for-profit, 4-year or above","Degree-granting, primarily baccalaureate or above","1520","198","48","196","48"
"148405","Rockford University","2023","Title IV postsecondary institution","Illinois","Private not-for-profit, 4-year or above","Degree-granting, primarily baccalaureate or above","1440","204","102","204","102"
"148627","Saint Xavier University","2023","Title IV postsecondary institution","Illinois","Private not-for-profit, 4-year or above","Degree-granting, primarily baccalaureate or above","4095","692","254","692","254"
"149329","Telshe Yeshiva-Chicago","2023","Title IV postsecondary institution","Illinois","Private not-for-profit, 4-year or above","Degree-granting, primarily baccalaureate or above","102","10","2","10","2"
"149505","Trinity Christian College","2023","Title IV postsecondary institution","Illinois","Private not-for-profit, 4-year or above","Degree-granting, primarily baccalaureate or above","1022","199","24","195","24"
"149639","VanderCook College of Music","2023","Title IV postsecondary institution","Illinois","Private not-for-profit, 4-year or above","Degree-granting, primarily baccalaureate or above","1027","7","40","7","40"
"150145","Bethel University","2023","Title IV postsecondary institution","Indiana","Private not-for-profit, 4-year or above","Degree-granting, primarily baccalaureate or above","1486","247","65","246","65"
"150172","Calumet College of Saint Joseph","2023","Title IV postsecondary institution","Indiana","Private not-for-profit, 4-year or above","Degree-granting, primarily baccalaureate or above","771","125","64","125","64"
"150455","Earlham College","2023","Title IV postsecondary institution","Indiana","Private not-for-profit, 4-year or above","Degree-granting, primarily baccalaureate or above","718","140","23","140","23"
"150604","Franklin College","2023","Title IV postsecondary institution","Indiana","Private not-for-profit, 4-year or above","Degree-granting, primarily baccalaureate or above","1005","170","28","170","28"
"151810","Martin University","2023","Title IV postsecondary institution","Indiana","Private not-for-profit, 4-year or above","Degree-granting, primarily baccalaureate or above","254","13","6","13","6"
"152318","Rose-Hulman Institute of Technology","2023","Title IV postsecondary institution","Indiana","Private not-for-profit, 4-year or above","Degree-granting, primarily baccalaureate or above","2279","375","24","373","24"
"152530","Taylor University","2023","Title IV postsecondary institution","Indiana","Private not-for-profit, 4-year or above","Degree-granting, primarily baccalaureate or above","2561","422","19","421","19"
"153001","Buena Vista University","2023","Title IV postsecondary institution","Iowa","Private not-for-profit, 4-year or above","Degree-granting, primarily baccalaureate or above","2634","387","222","387","222"
"153162","Cornell College","2023","Title IV postsecondary institution","Iowa","Private not-for-profit, 4-year or above","Degree-granting, primarily baccalaureate or above","1185","185","4","182","4"
"153250","Dordt University","2023","Title IV postsecondary institution","Iowa","Private not-for-profit, 4-year or above","Degree-granting, primarily baccalaureate or above","2062","314","93","314","93"
"153375","Grand View University","2023","Title IV postsecondary institution","Iowa","Private not-for-profit, 4-year or above","Degree-granting, primarily baccalaureate or above","2111","387","84","387","84"
"153825","Loras College","2023","Title IV postsecondary institution","Iowa","Private not-for-profit, 4-year or above","Degree-granting, primarily baccalaureate or above","1410","296","36","296","36"
"153977","Mercy College of Health Sciences","2023","Title IV postsecondary institution","Iowa","Private not-for-profit, 4-year or above","Degree-granting, primarily baccalaureate or above","1314","323","0","323","0"
"154101","Northwestern College","2023","Title IV postsecondary institution","Iowa","Private not-for-profit, 4-year or above","Degree-granting, primarily baccalaureate or above","2135","244","152","244","152"
"154350","Simpson College","2023","Title IV postsecondary institution","Iowa","Private not-for-profit, 4-year or above","Degree-granting, primarily baccalaureate or above","1288","265","16","265","16"
"154493","Upper Iowa University","2023","Title IV postsecondary institution","Iowa","Private not-for-profit, 4-year or above","Degree-granting, primarily baccalaureate or above","5739","633","221","632","221"
"154527","Wartburg College","2023","Title IV postsecondary institution","Iowa","Private not-for-profit, 4-year or above","Degree-granting, primarily baccalaureate or above","1478","325","15","319","15"
"154590","William Penn University","2023","Title IV postsecondary institution","Iowa","Private not-for-profit, 4-year or above","Degree-granting, primarily baccalaureate or above","1667","265","27","265","27"
"154712","Benedictine College","2023","Title IV postsecondary institution","Kansas","Private not-for-profit, 4-year or above","Degree-granting, primarily baccalaureate or above","2479","422","55","414","55"
"154855","Central Christian College of Kansas","2023","Title IV postsecondary institution","Kansas","Private not-for-profit, 4-year or above","Degree-granting, primarily baccalaureate or above","738","100","22","97","22"
"155070","Barclay College","2023","Title IV postsecondary institution","Kansas","Private not-for-profit, 4-year or above","Degree-granting, primarily baccalaureate or above","216","30","4","30","4"
"155308","Kansas Christian College","2023","Title IV postsecondary institution","Kansas","Private not-for-profit, 4-year or above","Degree-granting, primarily baccalaureate or above","229","13","0","13","0"
"155414","Kansas Wesleyan University","2023","Title IV postsecondary institution","Kansas","Private not-for-profit, 4-year or above","Degree-granting, primarily baccalaureate or above","939","125","38","125","38"
"155511","McPherson College","2023","Title IV postsecondary institution","Kansas","Private not-for-profit, 4-year or above","Degree-granting, primarily baccalaureate or above","858","167","6","167","6"
"155520","MidAmerica Nazarene University","2023","Title IV postsecondary institution","Kansas","Private not-for-profit, 4-year or above","Degree-granting, primarily baccalaureate or above","1781","276","125","275","120"
"155937","Sterling College","2023","Title IV postsecondary institution","Kansas","Private not-for-profit, 4-year or above","Degree-granting, primarily baccalaureate or above","805","93","7","92","7"
"155973","Tabor College","2023","Title IV postsecondary institution","Kansas","Private not-for-profit, 4-year or above","Degree-granting, primarily baccalaureate or above","796","89","46","89","46"
"156213","Asbury University","2023","Title IV postsecondary institution","Kentucky","Private not-for-profit, 4-year or above","Degree-granting, primarily baccalaureate or above","1844","265","89","265","89"
"156356","Brescia University","2023","Title IV postsecondary institution","Kentucky","Private not-for-profit, 4-year or above","Degree-granting, primarily baccalaureate or above","772","155","55","155","55"
"156417","Clear Creek Baptist Bible College","2023","Title IV postsecondary institution","Kentucky","Private not-for-profit, 4-year or above","Degree-granting, primarily baccalaureate or above","176","18","2","18","2"
"156745","Georgetown College","2023","Title IV postsecondary institution","Kentucky","Private not-for-profit, 4-year or above","Degree-granting, primarily baccalaureate or above","1678","177","119","177","119"
"157100","Kentucky Christian University","2023","Title IV postsecondary institution","Kentucky","Private not-for-profit, 4-year or above","Degree-granting, primarily baccalaureate or above","759","72","24","71","24"
"157377","Midway University","2023","Title IV postsecondary institution","Kentucky","Private not-for-profit, 4-year or above","Degree-granting, primarily baccalaureate or above","2242","219","108","202","108"
"157809","Thomas More University","2023","Title IV postsecondary institution","Kentucky","Private not-for-profit, 4-year or above","Degree-granting, primarily baccalaureate or above","2240","315","66","314","66"
"157863","Union College","2023","Title IV postsecondary institution","Kentucky","Private not-for-profit, 4-year or above","Degree-granting, primarily baccalaureate or above","1186","163","104","163","104"
"158477","Centenary College of Louisiana","2023","Title IV postsecondary institution","Louisiana","Private not-for-profit, 4-year or above","Degree-granting, primarily baccalaureate or above","598","131","14","117","14"
"158802","Dillard University","2023","Title IV postsecondary institution","Louisiana","Private not-for-profit, 4-year or above","Degree-granting, primarily baccalaureate or above","1286","222","0","222","0"
"159568","Louisiana Christian University","2023","Title IV postsecondary institution","Louisiana","Private not-for-profit, 4-year or above","Degree-granting, primarily baccalaureate or above","1210","171","72","171","72"
"160959","College of the Atlantic","2023","Title IV postsecondary institution","Maine","Private not-for-profit, 4-year or above","Degree-granting, primarily baccalaureate or above","407","93","1","93","1"
"161509","Maine College of Art & Design","2023","Title IV postsecondary institution","Maine","Private not-for-profit, 4-year or above","Degree-granting, primarily baccalaureate or above","453","80","33","80","33"
"161518","Saint Joseph's College of Maine","2023","Title IV postsecondary institution","Maine","Private not-for-profit, 4-year or above","Degree-granting, primarily baccalaureate or above","2059","201","223","195","213"
"161563","Thomas College","2023","Title IV postsecondary institution","Maine","Private not-for-profit, 4-year or above","Degree-granting, primarily baccalaureate or above","1974","147","100","147","100"
"161572","Unity Environmental University","2023","Title IV postsecondary institution","Maine","Private not-for-profit, 4-year or above","Degree-granting, primarily baccalaureate or above","7585","225","226","225","226"
"162210","Washington Adventist University","2023","Title IV postsecondary institution","Maryland","Private not-for-profit, 4-year or above","Degree-granting, primarily baccalaureate or above","807","131","35","129","34"
"162654","Goucher College","2023","Title IV postsecondary institution","Maryland","Private not-for-profit, 4-year or above","Degree-granting, primarily baccalaureate or above","2694","208","127","208","127"
"163295","Maryland Institute College of Art","2023","Title IV postsecondary institution","Maryland","Private not-for-profit, 4-year or above","Degree-granting, primarily baccalaureate or above","2334","343","347","343","347"
"163462","Mount St. Mary's University","2023","Title IV postsecondary institution","Maryland","Private not-for-profit, 4-year or above","Degree-granting, primarily baccalaureate or above","2743","409","175","409","162"
"163976","St. John's College","2023","Title IV postsecondary institution","Maryland","Private not-for-profit, 4-year or above","Degree-granting, primarily baccalaureate or above","629","91","26","91","26"
"164270","McDaniel College","2023","Title IV postsecondary institution","Maryland","Private not-for-profit, 4-year or above","Degree-granting, primarily baccalaureate or above","3553","373","288","373","287"
"164368","Hult International Business School","2023","Title IV postsecondary institution","Massachusetts","Private not-for-profit, 4-year or above","Degree-granting, primarily baccalaureate or above","3306","159","856","159","856"
"164492","Anna Maria College","2023","Title IV postsecondary institution","Massachusetts","Private not-for-profit, 4-year or above","Degree-granting, primarily baccalaureate or above","1676","266","225","266","225"
"164562","Assumption University","2023","Title IV postsecondary institution","Massachusetts","Private not-for-profit, 4-year or above","Degree-granting, primarily baccalaureate or above","2243","468","156","468","156"
"164580","Babson College","2023","Title IV postsecondary institution","Massachusetts","Private not-for-profit, 4-year or above","Degree-granting, primarily baccalaureate or above","4632","702","525","702","525"
"164748","Berklee College of Music","2023","Title IV postsecondary institution","Massachusetts","Private not-for-profit, 4-year or above","Degree-granting, primarily baccalaureate or above","9708","1442","505","1442","505"
"164872","Boston Architectural College","2023","Title IV postsecondary institution","Massachusetts","Private not-for-profit, 4-year or above","Degree-granting, primarily baccalaureate or above","953","23","132","23","132"
"165529","Curry College","2023","Title IV postsecondary institution","Massachusetts","Private not-for-profit, 4-year or above","Degree-granting, primarily baccalaureate or above","2400","507","77","507","77"
"165644","Eastern Nazarene College","2023","Title IV postsecondary institution","Massachusetts","Private not-for-profit, 4-year or above","Degree-granting, primarily baccalaureate or above","650","83","68","82","68"
"165662","Emerson College","2023","Title IV postsecondary institution","Massachusetts","Private not-for-profit, 4-year or above","Degree-granting, primarily baccalaureate or above","6290","756","538","756","538"
"165671","Emmanuel College","2023","Title IV postsecondary institution","Massachusetts","Private not-for-profit, 4-year or above","Degree-granting, primarily baccalaureate or above","2178","443","34","443","34"
"165802","Fisher College","2023","Title IV postsecondary institution","Massachusetts","Private not-for-profit, 4-year or above","Degree-granting, primarily baccalaureate or above","2478","200","55","200","55"
"165936","Gordon College","2023","Title IV postsecondary institution","Massachusetts","Private not-for-profit, 4-year or above","Degree-granting, primarily baccalaureate or above","2053","275","111","275","111"
"166054","Hellenic College-Holy Cross Greek Orthodox School of Theology","2023","Title IV postsecondary institution","Massachusetts","Private not-for-profit, 4-year or above","Degree-granting, primarily baccalaureate or above","146","8","26","8","26"
"166391","Lasell University","2023","Title IV postsecondary institution","Massachusetts","Private not-for-profit, 4-year or above","Degree-granting, primarily baccalaureate or above","1933","337","227","336","227"
"166850","Merrimack College","2023","Title IV postsecondary institution","Massachusetts","Private not-for-profit, 4-year or above","Degree-granting, primarily baccalaureate or above","6650","951","657","948","657"
"166939","Mount Holyoke College","2023","Title IV postsecondary institution","Massachusetts","Private not-for-profit, 4-year or above","Degree-granting, primarily baccalaureate or above","2573","501","58","501","58"
"167260","Nichols College","2023","Title IV postsecondary institution","Massachusetts","Private not-for-profit, 4-year or above","Degree-granting, primarily baccalaureate or above","1651","247","128","247","128"
"167996","Stonehill College","2023","Title IV postsecondary institution","Massachusetts","Private not-for-profit, 4-year or above","Degree-granting, primarily baccalaureate or above","2706","541","25","528","25"
"168227","Wentworth Institute of Technology","2023","Title IV postsecondary institution","Massachusetts","Private not-for-profit, 4-year or above","Degree-granting, primarily baccalaureate or above","4770","817","139","817","139"
"168342","Williams College","2023","Title IV postsecondary institution","Massachusetts","Private not-for-profit, 4-year or above","Degree-granting, primarily baccalaureate or above","2355","572","38","572","38"
"168528","Adrian College","2023","Title IV postsecondary institution","Michigan","Private not-for-profit, 4-year or above","Degree-granting, primarily baccalaureate or above","1892","305","58","296","58"
"168591","Alma College","2023","Title IV postsecondary institution","Michigan","Private not-for-profit, 4-year or above","Degree-granting, primarily baccalaureate or above","1323","274","5","274","5"
"168786","Aquinas College","2023","Title IV postsecondary institution","Michigan","Private not-for-profit, 4-year or above","Degree-granting, primarily baccalaureate or above","1362","245","31","245","31"
"169080","Calvin University","2023","Title IV postsecondary institution","Michigan","Private not-for-profit, 4-year or above","Degree-granting, primarily baccalaureate or above","3626","704","116","695","116"
"169327","Cleary University","2023","Title IV postsecondary institution","Michigan","Private not-for-profit, 4-year or above","Degree-granting, primarily baccalaureate or above","1425","409","139","409","139"
"169363","Concordia University Ann Arbor","2023","Title IV postsecondary institution","Michigan","Private not-for-profit, 4-year or above","Degree-granting, primarily baccalaureate or above","1363","157","59","150","59"
"169442","College for Creative Studies","2023","Title IV postsecondary institution","Michigan","Private not-for-profit, 4-year or above","Degree-granting, primarily baccalaureate or above","1563","251","27","251","27"
"169479","Davenport University","2023","Title IV postsecondary institution","Michigan","Private not-for-profit, 4-year or above","Degree-granting, primarily baccalaureate or above","6244","816","298","808","298"
"169983","Kettering University","2023","Title IV postsecondary institution","Michigan","Private not-for-profit, 4-year or above","Degree-granting, primarily baccalaureate or above","2167","345","167","319","166"
"170000","Grace Christian University","2023","Title IV postsecondary institution","Michigan","Private not-for-profit, 4-year or above","Degree-granting, primarily baccalaureate or above","1528","122","23","122","23"
"170967","Rochester University","2023","Title IV postsecondary institution","Michigan","Private not-for-profit, 4-year or above","Degree-granting, primarily baccalaureate or above","1318","177","14","177","14"
"171599","The University of Olivet","2023","Title IV postsecondary institution","Michigan","Private not-for-profit, 4-year or above","Degree-granting, primarily baccalaureate or above","958","181","22","176","22"
"171881","Kuyper College","2023","Title IV postsecondary institution","Michigan","Private not-for-profit, 4-year or above","Degree-granting, primarily baccalaureate or above","152","18","3","18","3"
"172033","Sacred Heart Major Seminary","2023","Title IV postsecondary institution","Michigan","Private not-for-profit, 4-year or above","Degree-granting, primarily baccalaureate or above","513","21","23","21","23"
"172264","Siena Heights University","2023","Title IV postsecondary institution","Michigan","Private not-for-profit, 4-year or above","Degree-granting, primarily baccalaureate or above","2233","547","74","547","74"
"173142","Bethany Lutheran College","2023","Title IV postsecondary institution","Minnesota","Private not-for-profit, 4-year or above","Degree-granting, primarily baccalaureate or above","932","115","7","115","7"
"173300","Concordia College at Moorhead","2023","Title IV postsecondary institution","Minnesota","Private not-for-profit, 4-year or above","Degree-granting, primarily baccalaureate or above","1975","398","16","398","16"
"173452","Martin Luther College","2023","Title IV postsecondary institution","Minnesota","Private not-for-profit, 4-year or above","Degree-granting, primarily baccalaureate or above","1306","153","17","153","17"
"174127","Minneapolis College of Art and Design","2023","Title IV postsecondary institution","Minnesota","Private not-for-profit, 4-year or above","Degree-granting, primarily baccalaureate or above","885","125","40","125","40"
"174154","Herzing University-Minneapolis","2023","Title IV postsecondary institution","Minnesota","Private not-for-profit, 4-year or above","Degree-granting, primarily baccalaureate or above","1209","172","7","172","7"
"174437","North Central University","2023","Title IV postsecondary institution","Minnesota","Private not-for-profit, 4-year or above","Degree-granting, primarily baccalaureate or above","1063","207","14","207","14"
"174491","University of Northwestern-St Paul","2023","Title IV postsecondary institution","Minnesota","Private not-for-profit, 4-year or above","Degree-granting, primarily baccalaureate or above","3557","392","50","387","49"
"174792","Saint Johns University","2023","Title IV postsecondary institution","Minnesota","Private not-for-profit, 4-year or above","Degree-granting, primarily baccalaureate or above","1705","329","26","329","25"
"174862","Crown College","2023","Title IV postsecondary institution","Minnesota","Private not-for-profit, 4-year or above","Degree-granting, primarily baccalaureate or above","1872","155","129","155","129"
"175430","Blue Mountain Christian University","2023","Title IV postsecondary institution","Mississippi","Private not-for-profit, 4-year or above","Degree-granting, primarily baccalaureate or above","1092","145","29","143","29"
"175980","Millsaps College","2023","Title IV postsecondary institution","Mississippi","Private not-for-profit, 4-year or above","Degree-granting, primarily baccalaureate or above","698","133","29","132","29"
"176406","Tougaloo College","2023","Title IV postsecondary institution","Mississippi","Private not-for-profit, 4-year or above","Degree-granting, primarily baccalaureate or above","718","90","4","90","4"
"176628","Avila University","2023","Title IV postsecondary institution","Missouri","Private not-for-profit, 4-year or above","Degree-granting, primarily baccalaureate or above","1574","216","105","216","105"
"176664","Mission University","2023","Title IV postsecondary institution","Missouri","Private not-for-profit, 4-year or above","Degree-granting, primarily baccalaureate or above","361","44","21","41","20"
"176910","Central Christian College of the Bible","2023","Title IV postsecondary institution","Missouri","Private not-for-profit, 4-year or above","Degree-granting, primarily baccalaureate or above","235","33","15","31","15"
"177065","Columbia College","2023","Title IV postsecondary institution","Missouri","Private not-for-profit, 4-year or above","Degree-granting, primarily baccalaureate or above","8729","1095","182","1066","182"
"177144","Culver-Stockton College","2023","Title IV postsecondary institution","Missouri","Private not-for-profit, 4-year or above","Degree-granting, primarily baccalaureate or above","1082","165","33","164","33"
"177214","Drury University","2023","Title IV postsecondary institution","Missouri","Private not-for-profit, 4-year or above","Degree-granting, primarily baccalaureate or above","1731","265","93","250","93"
"177542","Hannibal-LaGrange University","2023","Title IV postsecondary institution","Missouri","Private not-for-profit, 4-year or above","Degree-granting, primarily baccalaureate or above","598","98","22","98","22"
"178369","Missouri Valley College","2023","Title IV postsecondary institution","Missouri","Private not-for-profit, 4-year or above","Degree-granting, primarily baccalaureate or above","1748","190","17","190","17"
"178679","Ozark Christian College","2023","Title IV postsecondary institution","Missouri","Private not-for-profit, 4-year or above","Degree-granting, primarily baccalaureate or above","736","114","0","107","0"
"178721","Park University","2023","Title IV postsecondary institution","Missouri","Private not-for-profit, 4-year or above","Degree-granting, primarily baccalaureate or above","9916","1403","442","1391","442"
"179548","Stephens College","2023","Title IV postsecondary institution","Missouri","Private not-for-profit, 4-year or above","Degree-granting, primarily baccalaureate or above","691","95","57","95","57"
"179955","William Jewell College","2023","Title IV postsecondary institution","Missouri","Private not-for-profit, 4-year or above","Degree-granting, primarily baccalaureate or above","892","181","11","181","11"
"180106","Carroll College","2023","Title IV postsecondary institution","Montana","Private not-for-profit, 4-year or above","Degree-granting, primarily baccalaureate or above","1214","279","27","279","27"
"180258","University of Providence","2023","Title IV postsecondary institution","Montana","Private not-for-profit, 4-year or above","Degree-granting, primarily baccalaureate or above","1111","195","93","195","93"
"180984","Concordia University-Nebraska","2023","Title IV postsecondary institution","Nebraska","Private not-for-profit, 4-year or above","Degree-granting, primarily baccalaureate or above","3447","235","119","227","119"
"181127","Hastings College","2023","Title IV postsecondary institution","Nebraska","Private not-for-profit, 4-year or above","Degree-granting, primarily baccalaureate or above","995","199","7","199","7"
"181446","Nebraska Wesleyan University","2023","Title IV postsecondary institution","Nebraska","Private not-for-profit, 4-year or above","Degree-granting, primarily baccalaureate or above","3983","390","33","389","33"
"181738","Union Adventist University","2023","Title IV postsecondary institution","Nebraska","Private not-for-profit, 4-year or above","Degree-granting, primarily baccalaureate or above","796","124","29","117","29"
"181853","York University","2023","Title IV postsecondary institution","Nebraska","Private not-for-profit, 4-year or above","Degree-granting, primarily baccalaureate or above","794","88","96","88","96"
"183239","Saint Anselm College","2023","Title IV postsecondary institution","New Hampshire","Private not-for-profit, 4-year or above","Degree-granting, primarily baccalaureate or above","2014","434","19","434","19"
"183822","Bloomfield College","2023","Title IV postsecondary institution","New Jersey","Private not-for-profit, 4-year or above","Degree-granting, primarily baccalaureate or above","1226","262","4","262","4"
"186186","Rabbinical College of America","2023","Title IV postsecondary institution","New Jersey","Private not-for-profit, 4-year or above","Degree-granting, primarily baccalaureate or above","245","28","5","28","5"
"189413","Boricua College","2023","Title IV postsecondary institution","New York","Private not-for-profit, 4-year or above","Degree-granting, primarily baccalaureate or above","585","64","12","64","12"
"189705","Canisius University","2023","Title IV postsecondary institution","New York","Private not-for-profit, 4-year or above","Degree-granting, primarily baccalaureate or above","2859","390","336","389","334"
"189857","Central Yeshiva Tomchei Tmimim Lubavitz","2023","Title IV postsecondary institution","New York","Private not-for-profit, 4-year or above","Degree-granting, primarily baccalaureate or above","784","122","27","122","27"
"190099","Colgate University","2023","Title IV postsecondary institution","New York","Private not-for-profit, 4-year or above","Degree-granting, primarily baccalaureate or above","3222","746","10","746","10"
"190114","Metropolitan College of New York","2023","Title IV postsecondary institution","New York","Private not-for-profit, 4-year or above","Degree-granting, primarily baccalaureate or above","921","93","124","93","124"
"190372","The Cooper Union for the Advancement of Science and Art","2023","Title IV postsecondary institution","New York","Private not-for-profit, 4-year or above","Degree-granting, primarily baccalaureate or above","980","180","28","180","28"
"190983","Elmira College","2023","Title IV postsecondary institution","New York","Private not-for-profit, 4-year or above","Degree-granting, primarily baccalaureate or above","691","147","36","147","36"
"191533","Hartwick College","2023","Title IV postsecondary institution","New York","Private not-for-profit, 4-year or above","Degree-granting, primarily baccalaureate or above","1160","249","3","249","3"
"191621","Hilbert College","2023","Title IV postsecondary institution","New York","Private not-for-profit, 4-year or above","Degree-granting, primarily baccalaureate or above","2912","143","14","143","14"
"191630","Hobart William Smith Colleges","2023","Title IV postsecondary institution","New York","Private not-for-profit, 4-year or above","Degree-granting, primarily baccalaureate or above","1635","357","39","357","39"
"191676","Houghton University","2023","Title IV postsecondary institution","New York","Private not-for-profit, 4-year or above","Degree-granting, primarily baccalaureate or above","1008","190","17","190","17"
"191931","Iona University","2023","Title IV postsecondary institution","New York","Private not-for-profit, 4-year or above","Degree-granting, primarily baccalaureate or above","4187","571","257","569","257"
"192192","Keuka College","2023","Title IV postsecondary institution","New York","Private not-for-profit, 4-year or above","Degree-granting, primarily baccalaureate or above","1429","266","112","263","112"
"192703","Manhattan College","2023","Title IV postsecondary institution","New York","Private not-for-profit, 4-year or above","Degree-granting, primarily baccalaureate or above","3790","777","249","730","249"
"193353","Mount Saint Mary College","2023","Title IV postsecondary institution","New York","Private not-for-profit, 4-year or above","Degree-granting, primarily baccalaureate or above","2282","320","130","320","130"
"193399","University of Mount Saint Vincent","2023","Title IV postsecondary institution","New York","Private not-for-profit, 4-year or above","Degree-granting, primarily baccalaureate or above","4382","768","323","768","323"
"194116","New York School of Interior Design","2023","Title IV postsecondary institution","New York","Private not-for-profit, 4-year or above","Degree-granting, primarily baccalaureate or above","822","28","72","28","72"
"194392","Paul Smiths College of Arts and Science","2023","Title IV postsecondary institution","New York","Private not-for-profit, 4-year or above","Degree-granting, primarily baccalaureate or above","1218","131","20","130","20"
"194578","Pratt Institute-Main","2023","Title IV postsecondary institution","New York","Private not-for-profit, 4-year or above","Degree-granting, primarily baccalaureate or above","7353","756","628","756","628"
"194666","Rabbinical College Bobover Yeshiva Bnei Zion","2023","Title IV postsecondary institution","New York","Private not-for-profit, 4-year or above","Degree-granting, primarily baccalaureate or above","505","89","3","89","3"
"195164","St Bonaventure University","2023","Title IV postsecondary institution","New York","Private not-for-profit, 4-year or above","Degree-granting, primarily baccalaureate or above","3012","390","371","389","371"
"195173","St. Francis College","2023","Title IV postsecondary institution","New York","Private not-for-profit, 4-year or above","Degree-granting, primarily baccalaureate or above","4363","448","82","448","82"
"195216","St Lawrence University","2023","Title IV postsecondary institution","New York","Private not-for-profit, 4-year or above","Degree-granting, primarily baccalaureate or above","2263","538","10","538","10"
"195234","The College of Saint Rose","2023","Title IV postsecondary institution","New York","Private not-for-profit, 4-year or above","Degree-granting, primarily baccalaureate or above","3474","446","342","441","324"
"195243","St. Thomas Aquinas College","2023","Title IV postsecondary institution","New York","Private not-for-profit, 4-year or above","Degree-granting, primarily baccalaureate or above","2527","243","91","243","91"
"195304","Sarah Lawrence College","2023","Title IV postsecondary institution","New York","Private not-for-profit, 4-year or above","Degree-granting, primarily baccalaureate or above","1804","312","114","312","114"
"195438","Sh'or Yoshuv Rabbinical College","2023","Title IV postsecondary institution","New York","Private not-for-profit, 4-year or above","Degree-granting, primarily baccalaureate or above","253","53","0","53","0"
"195474","Siena College","2023","Title IV postsecondary institution","New York","Private not-for-profit, 4-year or above","Degree-granting, primarily baccalaureate or above","4088","770","70","768","70"
"195544","St. Joseph's University-New York","2023","Title IV postsecondary institution","New York","Private not-for-profit, 4-year or above","Degree-granting, primarily baccalaureate or above","4986","940","356","940","345"
"196440","Talmudical Institute of Upstate New York","2023","Title IV postsecondary institution","New York","Private not-for-profit, 4-year or above","Degree-granting, primarily baccalaureate or above","16","0","0","0","0"
"197133","Vassar College","2023","Title IV postsecondary institution","New York","Private not-for-profit, 4-year or above","Degree-granting, primarily baccalaureate or above","2607","624","0","624","0"
"197692","Yeshivath Shaar Hatorah","2023","Title IV postsecondary institution","New York","Private not-for-profit, 4-year or above","Degree-granting, primarily baccalaureate or above","96","7","0","7","0"
"197911","Barton College","2023","Title IV postsecondary institution","North Carolina","Private not-for-profit, 4-year or above","Degree-granting, primarily baccalaureate or above","1396","236","49","228","49"
"197984","Belmont Abbey College","2023","Title IV postsecondary institution","North Carolina","Private not-for-profit, 4-year or above","Degree-granting, primarily baccalaureate or above","1662","266","11","266","11"
"198066","Brevard College","2023","Title IV postsecondary institution","North Carolina","Private not-for-profit, 4-year or above","Degree-granting, primarily baccalaureate or above","782","164","4","164","4"
"198215","Catawba College","2023","Title IV postsecondary institution","North Carolina","Private not-for-profit, 4-year or above","Degree-granting, primarily baccalaureate or above","1338","249","45","249","45"
"198303","Chowan University","2023","Title IV postsecondary institution","North Carolina","Private not-for-profit, 4-year or above","Degree-granting, primarily baccalaureate or above","969","154","41","154","41"
"198598","Greensboro College","2023","Title IV postsecondary institution","North Carolina","Private not-for-profit, 4-year or above","Degree-granting, primarily baccalaureate or above","957","116","43","116","43"
"198613","Guilford College","2023","Title IV postsecondary institution","North Carolina","Private not-for-profit, 4-year or above","Degree-granting, primarily baccalaureate or above","1315","224","2","218","2"
"198677","Heritage Bible College","2023","Title IV postsecondary institution","North Carolina","Private not-for-profit, 4-year or above","Degree-granting, primarily baccalaureate or above","36","5","0","5","0"
"198756","Johnson C Smith University","2023","Title IV postsecondary institution","North Carolina","Private not-for-profit, 4-year or above","Degree-granting, primarily baccalaureate or above","1193","180","20","180","20"
"198808","Lees-McRae College","2023","Title IV postsecondary institution","North Carolina","Private not-for-profit, 4-year or above","Degree-granting, primarily baccalaureate or above","899","211","0","211","0"
"198862","Livingstone College","2023","Title IV postsecondary institution","North Carolina","Private not-for-profit, 4-year or above","Degree-granting, primarily baccalaureate or above","930","113","0","113","0"
"198899","Mars Hill University","2023","Title IV postsecondary institution","North Carolina","Private not-for-profit, 4-year or above","Degree-granting, primarily baccalaureate or above","1100","193","28","192","28"
"198950","Meredith College","2023","Title IV postsecondary institution","North Carolina","Private not-for-profit, 4-year or above","Degree-granting, primarily baccalaureate or above","1752","322","87","314","77"
"199032","Montreat College","2023","Title IV postsecondary institution","North Carolina","Private not-for-profit, 4-year or above","Degree-granting, primarily baccalaureate or above","1133","149","52","149","52"
"199069","University of Mount Olive","2023","Title IV postsecondary institution","North Carolina","Private not-for-profit, 4-year or above","Degree-granting, primarily baccalaureate or above","2680","456","100","447","100"
"199209","North Carolina Wesleyan University","2023","Title IV postsecondary institution","North Carolina","Private not-for-profit, 4-year or above","Degree-granting, primarily baccalaureate or above","1726","342","67","342","67"
"199306","Pfeiffer University","2023","Title IV postsecondary institution","North Carolina","Private not-for-profit, 4-year or above","Degree-granting, primarily baccalaureate or above","1169","186","135","186","135"
"199412","Queens University of Charlotte","2023","Title IV postsecondary institution","North Carolina","Private not-for-profit, 4-year or above","Degree-granting, primarily baccalaureate or above","2194","381","277","375","277"
"199582","Saint Augustine's University","2023","Title IV postsecondary institution","North Carolina","Private not-for-profit, 4-year or above","Degree-granting, primarily baccalaureate or above","1251","100","8","100","8"
"199607","Salem College","2023","Title IV postsecondary institution","North Carolina","Private not-for-profit, 4-year or above","Degree-granting, primarily baccalaureate or above","544","82","37","82","37"
"199643","Shaw University","2023","Title IV postsecondary institution","North Carolina","Private not-for-profit, 4-year or above","Degree-granting, primarily baccalaureate or above","1176","184","41","184","41"
"199698","St. Andrews University","2023","Title IV postsecondary institution","North Carolina","Private not-for-profit, 4-year or above","Degree-granting, primarily baccalaureate or above","893","120","14","120","14"
"199865","Warren Wilson College","2023","Title IV postsecondary institution","North Carolina","Private not-for-profit, 4-year or above","Degree-granting, primarily baccalaureate or above","874","116","42","116","42"
"201061","Art Academy of Cincinnati","2023","Title IV postsecondary institution","Ohio","Private not-for-profit, 4-year or above","Degree-granting, primarily baccalaureate or above","276","34","1","34","1"
"201195","Baldwin Wallace University","2023","Title IV postsecondary institution","Ohio","Private not-for-profit, 4-year or above","Degree-granting, primarily baccalaureate or above","3715","631","212","622","212"
"201371","Bluffton University","2023","Title IV postsecondary institution","Ohio","Private not-for-profit, 4-year or above","Degree-granting, primarily baccalaureate or above","800","159","28","159","28"
"201964","Ohio Christian University","2023","Title IV postsecondary institution","Ohio","Private not-for-profit, 4-year or above","Degree-granting, primarily baccalaureate or above","1893","205","82","205","78"
"202170","Columbus College of Art & Design","2023","Title IV postsecondary institution","Ohio","Private not-for-profit, 4-year or above","Degree-granting, primarily baccalaureate or above","996","217","11","217","11"
"202514","Defiance College","2023","Title IV postsecondary institution","Ohio","Private not-for-profit, 4-year or above","Degree-granting, primarily baccalaureate or above","592","85","17","85","17"
"202903","Gods Bible School and College","2023","Title IV postsecondary institution","Ohio","Private not-for-profit, 4-year or above","Degree-granting, primarily baccalaureate or above","533","18","3","18","3"
"203085","Heidelberg University","2023","Title IV postsecondary institution","Ohio","Private not-for-profit, 4-year or above","Degree-granting, primarily baccalaureate or above","1206","222","62","222","62"
"203128","Hiram College","2023","Title IV postsecondary institution","Ohio","Private not-for-profit, 4-year or above","Degree-granting, primarily baccalaureate or above","1076","167","3","167","3"
"203368","John Carroll University","2023","Title IV postsecondary institution","Ohio","Private not-for-profit, 4-year or above","Degree-granting, primarily baccalaureate or above","3187","616","217","616","217"
"203580","Lake Erie College","2023","Title IV postsecondary institution","Ohio","Private not-for-profit, 4-year or above","Degree-granting, primarily baccalaureate or above","1103","118","79","117","79"
"203775","Malone University","2023","Title IV postsecondary institution","Ohio","Private not-for-profit, 4-year or above","Degree-granting, primarily baccalaureate or above","1477","198","114","197","114"
"203845","Marietta College","2023","Title IV postsecondary institution","Ohio","Private not-for-profit, 4-year or above","Degree-granting, primarily baccalaureate or above","1299","267","42","267","42"
"204194","Mount Vernon Nazarene University","2023","Title IV postsecondary institution","Ohio","Private not-for-profit, 4-year or above","Degree-granting, primarily baccalaureate or above","2452","344","136","344","131"
"204501","Oberlin College","2023","Title IV postsecondary institution","Ohio","Private not-for-profit, 4-year or above","Degree-granting, primarily baccalaureate or above","4026","683","0","683","0"
"204617","Ohio Dominican University","2023","Title IV postsecondary institution","Ohio","Private not-for-profit, 4-year or above","Degree-granting, primarily baccalaureate or above","1567","206","155","206","155"
"205027","Pontifical College Josephinum","2023","Title IV postsecondary institution","Ohio","Private not-for-profit, 4-year or above","Degree-granting, primarily baccalaureate or above","168","9","5","9","3"
"205957","Franciscan University of Steubenville","2023","Title IV postsecondary institution","Ohio","Private not-for-profit, 4-year or above","Degree-granting, primarily baccalaureate or above","4424","481","260","481","260"
"206491","Wilberforce University","2023","Title IV postsecondary institution","Ohio","Private not-for-profit, 4-year or above","Degree-granting, primarily baccalaureate or above","606","59","5","59","5"
"206507","Wilmington College","2023","Title IV postsecondary institution","Ohio","Private not-for-profit, 4-year or above","Degree-granting, primarily baccalaureate or above","1128","267","6","267","6"
"206525","Wittenberg University","2023","Title IV postsecondary institution","Ohio","Private not-for-profit, 4-year or above","Degree-granting, primarily baccalaureate or above","1384","249","18","248","18"
"207157","Randall University","2023","Title IV postsecondary institution","Oklahoma","Private not-for-profit, 4-year or above","Degree-granting, primarily baccalaureate or above","330","49","3","49","3"
"207324","Oklahoma Christian University","2023","Title IV postsecondary institution","Oklahoma","Private not-for-profit, 4-year or above","Degree-granting, primarily baccalaureate or above","3295","340","267","340","267"
"207403","Oklahoma Baptist University","2023","Title IV postsecondary institution","Oklahoma","Private not-for-profit, 4-year or above","Degree-granting, primarily baccalaureate or above","1500","302","32","302","32"
"207856","Southwestern Christian University","2023","Title IV postsecondary institution","Oklahoma","Private not-for-profit, 4-year or above","Degree-granting, primarily baccalaureate or above","449","60","9","60","9"
"209065","Linfield University","2023","Title IV postsecondary institution","Oregon","Private not-for-profit, 4-year or above","Degree-granting, primarily baccalaureate or above","2018","534","26","530","26"
"209409","Bushnell University","2023","Title IV postsecondary institution","Oregon","Private not-for-profit, 4-year or above","Degree-granting, primarily baccalaureate or above","836","129","73","129","73"
"209603","Pacific Northwest College of Art","2023","Title IV postsecondary institution","Oregon","Private not-for-profit, 4-year or above","Degree-granting, primarily baccalaureate or above","517","80","55","80","52"
"209922","Reed College","2023","Title IV postsecondary institution","Oregon","Private not-for-profit, 4-year or above","Degree-granting, primarily baccalaureate or above","1594","309","0","309","0"
"210492","Bryn Athyn College of the New Church","2023","Title IV postsecondary institution","Pennsylvania","Private not-for-profit, 4-year or above","Degree-granting, primarily baccalaureate or above","310","54","0","54","0"
"210571","Albright College","2023","Title IV postsecondary institution","Pennsylvania","Private not-for-profit, 4-year or above","Degree-granting, primarily baccalaureate or above","1777","250","20","228","20"
"211291","Bucknell University","2023","Title IV postsecondary institution","Pennsylvania","Private not-for-profit, 4-year or above","Degree-granting, primarily baccalaureate or above","3877","867","10","867","10"
"211893","Curtis Institute of Music","2023","Title IV postsecondary institution","Pennsylvania","Private not-for-profit, 4-year or above","Degree-granting, primarily baccalaureate or above","152","27","5","27","5"
"212009","Dickinson College","2023","Title IV postsecondary institution","Pennsylvania","Private not-for-profit, 4-year or above","Degree-granting, primarily baccalaureate or above","2206","371","3","371","3"
"212656","Geneva College","2023","Title IV postsecondary institution","Pennsylvania","Private not-for-profit, 4-year or above","Degree-granting, primarily baccalaureate or above","1344","282","52","274","52"
"212674","Gettysburg College","2023","Title IV postsecondary institution","Pennsylvania","Private not-for-profit, 4-year or above","Degree-granting, primarily baccalaureate or above","3174","573","75","573","75"
"213251","Juniata College","2023","Title IV postsecondary institution","Pennsylvania","Private not-for-profit, 4-year or above","Degree-granting, primarily baccalaureate or above","1358","294","20","294","20"
"213303","Keystone College","2023","Title IV postsecondary institution","Pennsylvania","Private not-for-profit, 4-year or above","Degree-granting, primarily baccalaureate or above","1974","194","30","194","30"
"213987","Mercyhurst University","2023","Title IV postsecondary institution","Pennsylvania","Private not-for-profit, 4-year or above","Degree-granting, primarily baccalaureate or above","3434","489","204","489","204"
"214148","Moore College of Art and Design","2023","Title IV postsecondary institution","Pennsylvania","Private not-for-profit, 4-year or above","Degree-granting, primarily baccalaureate or above","381","75","12","75","12"
"214166","Mount Aloysius College","2023","Title IV postsecondary institution","Pennsylvania","Private not-for-profit, 4-year or above","Degree-granting, primarily baccalaureate or above","3021","137","17","137","17"
"214175","Muhlenberg College","2023","Title IV postsecondary institution","Pennsylvania","Private not-for-profit, 4-year or above","Degree-granting, primarily baccalaureate or above","2087","529","13","529","13"
"214883","Peirce College","2023","Title IV postsecondary institution","Pennsylvania","Private not-for-profit, 4-year or above","Degree-granting, primarily baccalaureate or above","1279","191","50","191","50"
"214971","Pennsylvania Academy of the Fine Arts","2023","Title IV postsecondary institution","Pennsylvania","Private not-for-profit, 4-year or above","Degree-granting, primarily baccalaureate or above","182","29","26","29","26"
"215114","Cairn University-Langhorne","2023","Title IV postsecondary institution","Pennsylvania","Private not-for-profit, 4-year or above","Degree-granting, primarily baccalaureate or above","1724","161","102","158","102"
"215691","Rosemont College","2023","Title IV postsecondary institution","Pennsylvania","Private not-for-profit, 4-year or above","Degree-granting, primarily baccalaureate or above","935","106","92","99","74"
"216047","Saint Charles Borromeo Seminary-Overbrook","2023","Title IV postsecondary institution","Pennsylvania","Private not-for-profit, 4-year or above","Degree-granting, primarily baccalaureate or above","206","8","30","8","30"
"216278","Susquehanna University","2023","Title IV postsecondary institution","Pennsylvania","Private not-for-profit, 4-year or above","Degree-granting, primarily baccalaureate or above","2935","575","5","534","5"
"216357","Thiel College","2023","Title IV postsecondary institution","Pennsylvania","Private not-for-profit, 4-year or above","Degree-granting, primarily baccalaureate or above","993","179","15","136","15"
"216542","University of Valley Forge","2023","Title IV postsecondary institution","Pennsylvania","Private not-for-profit, 4-year or above","Degree-granting, primarily baccalaureate or above","694","64","35","63","35"
"216667","Washington & Jefferson College","2023","Title IV postsecondary institution","Pennsylvania","Private not-for-profit, 4-year or above","Degree-granting, primarily baccalaureate or above","1179","219","1","219","1"
"216807","Westminster College","2023","Title IV postsecondary institution","Pennsylvania","Private not-for-profit, 4-year or above","Degree-granting, primarily baccalaureate or above","1232","184","23","183","23"
"217013","Wilson College","2023","Title IV postsecondary institution","Pennsylvania","Private not-for-profit, 4-year or above","Degree-granting, primarily baccalaureate or above","2169","169","123","169","123"
"217165","Bryant University","2023","Title IV postsecondary institution","Rhode Island","Private not-for-profit, 4-year or above","Degree-granting, primarily baccalaureate or above","3861","782","219","776","219"
"217402","Providence College","2023","Title IV postsecondary institution","Rhode Island","Private not-for-profit, 4-year or above","Degree-granting, primarily baccalaureate or above","5035","990","254","957","254"
"217493","Rhode Island School of Design","2023","Title IV postsecondary institution","Rhode Island","Private not-for-profit, 4-year or above","Degree-granting, primarily baccalaureate or above","2706","533","274","533","274"
"217518","Roger Williams University","2023","Title IV postsecondary institution","Rhode Island","Private not-for-profit, 4-year or above","Degree-granting, primarily baccalaureate or above","5007","922","143","902","140"
"217606","Northpoint Bible College","2023","Title IV postsecondary institution","Massachusetts","Private not-for-profit, 4-year or above","Degree-granting, primarily baccalaureate or above","267","23","8","23","8"
"217721","Benedict College","2023","Title IV postsecondary institution","South Carolina","Private not-for-profit, 4-year or above","Degree-granting, primarily baccalaureate or above","2176","331","23","331","23"
"217873","Claflin University","2023","Title IV postsecondary institution","South Carolina","Private not-for-profit, 4-year or above","Degree-granting, primarily baccalaureate or above","2097","334","30","334","30"
"217934","Columbia College","2023","Title IV postsecondary institution","South Carolina","Private not-for-profit, 4-year or above","Degree-granting, primarily baccalaureate or above","2138","225","234","221","234"
"218070","Furman University","2023","Title IV postsecondary institution","South Carolina","Private not-for-profit, 4-year or above","Degree-granting, primarily baccalaureate or above","2523","509","60","509","60"
"218238","Limestone University","2023","Title IV postsecondary institution","South Carolina","Private not-for-profit, 4-year or above","Degree-granting, primarily baccalaureate or above","2053","358","97","358","97"
"218414","Newberry College","2023","Title IV postsecondary institution","South Carolina","Private not-for-profit, 4-year or above","Degree-granting, primarily baccalaureate or above","1414","204","7","204","7"
"218919","Voorhees University","2023","Title IV postsecondary institution","South Carolina","Private not-for-profit, 4-year or above","Degree-granting, primarily baccalaureate or above","533","70","8","70","8"
"219091","Dakota Wesleyan University","2023","Title IV postsecondary institution","South Dakota","Private not-for-profit, 4-year or above","Degree-granting, primarily baccalaureate or above","994","149","68","142","68"
"219718","Bethel University","2023","Title IV postsecondary institution","Tennessee","Private not-for-profit, 4-year or above","Degree-granting, primarily baccalaureate or above","6234","793","203","793","203"
"219833","Christian Brothers University","2023","Title IV postsecondary institution","Tennessee","Private not-for-profit, 4-year or above","Degree-granting, primarily baccalaureate or above","2493","292","377","291","377"
"219949","Cumberland University","2023","Title IV postsecondary institution","Tennessee","Private not-for-profit, 4-year or above","Degree-granting, primarily baccalaureate or above","2894","313","144","313","144"
"220181","Fisk University","2023","Title IV postsecondary institution","Tennessee","Private not-for-profit, 4-year or above","Degree-granting, primarily baccalaureate or above","1096","129","2","129","2"
"220206","Welch College","2023","Title IV postsecondary institution","Tennessee","Private not-for-profit, 4-year or above","Degree-granting, primarily baccalaureate or above","426","47","17","47","17"
"220710","Maryville College","2023","Title IV postsecondary institution","Tennessee","Private not-for-profit, 4-year or above","Degree-granting, primarily baccalaureate or above","1167","175","3","175","3"
"221351","Rhodes College","2023","Title IV postsecondary institution","Tennessee","Private not-for-profit, 4-year or above","Degree-granting, primarily baccalaureate or above","2131","477","12","469","12"
"221731","Tennessee Wesleyan University","2023","Title IV postsecondary institution","Tennessee","Private not-for-profit, 4-year or above","Degree-granting, primarily baccalaureate or above","1200","275","57","272","57"
"221953","Tusculum University","2023","Title IV postsecondary institution","Tennessee","Private not-for-profit, 4-year or above","Degree-granting, primarily baccalaureate or above","1379","238","124","232","124"
"222877","Arlington Baptist University","2023","Title IV postsecondary institution","Texas","Private not-for-profit, 4-year or above","Degree-granting, primarily baccalaureate or above","239","20","0","20","0"
"222983","Austin College","2023","Title IV postsecondary institution","Texas","Private not-for-profit, 4-year or above","Degree-granting, primarily baccalaureate or above","1208","285","15","285","15"
"223117","Baptist Missionary Association Theological Seminary","2023","Title IV postsecondary institution","Texas","Private not-for-profit, 4-year or above","Degree-granting, primarily baccalaureate or above","143","3","16","3","16"
"224244","Dallas Christian College","2023","Title IV postsecondary institution","Texas","Private not-for-profit, 4-year or above","Degree-granting, primarily baccalaureate or above","268","31","0","31","0"
"224527","East Texas Baptist University","2023","Title IV postsecondary institution","Texas","Private not-for-profit, 4-year or above","Degree-granting, primarily baccalaureate or above","1932","263","66","263","66"
"225201","Hallmark University","2023","Title IV postsecondary institution","Texas","Private not-for-profit, 4-year or above","Degree-granting, primarily baccalaureate or above","1212","153","64","153","64"
"225548","Howard Payne University","2023","Title IV postsecondary institution","Texas","Private not-for-profit, 4-year or above","Degree-granting, primarily baccalaureate or above","942","117","33","117","33"
"225575","Huston-Tillotson University","2023","Title IV postsecondary institution","Texas","Private not-for-profit, 4-year or above","Degree-granting, primarily baccalaureate or above","1614","145","10","145","10"
"225885","Jarvis Christian University","2023","Title IV postsecondary institution","Texas","Private not-for-profit, 4-year or above","Degree-granting, primarily baccalaureate or above","892","132","0","132","0"
"226231","LeTourneau University","2023","Title IV postsecondary institution","Texas","Private not-for-profit, 4-year or above","Degree-granting, primarily baccalaureate or above","4137","381","74","381","74"
"226587","McMurry University","2023","Title IV postsecondary institution","Texas","Private not-for-profit, 4-year or above","Degree-granting, primarily baccalaureate or above","1585","203","5","202","5"
"227429","Paul Quinn College","2023","Title IV postsecondary institution","Texas","Private not-for-profit, 4-year or above","Degree-granting, primarily baccalaureate or above","1238","62","0","62","0"
"228042","Schreiner University","2023","Title IV postsecondary institution","Texas","Private not-for-profit, 4-year or above","Degree-granting, primarily baccalaureate or above","1386","193","56","193","56"
"228468","Southwestern Adventist University","2023","Title IV postsecondary institution","Texas","Private not-for-profit, 4-year or above","Degree-granting, primarily baccalaureate or above","912","142","3","142","3"
"229267","Trinity University","2023","Title IV postsecondary institution","Texas","Private not-for-profit, 4-year or above","Degree-granting, primarily baccalaureate or above","2762","586","99","576","99"
"230816","Bennington College","2023","Title IV postsecondary institution","Vermont","Private not-for-profit, 4-year or above","Degree-granting, primarily baccalaureate or above","948","151","60","151","60"
"230852","Champlain College","2023","Title IV postsecondary institution","Vermont","Private not-for-profit, 4-year or above","Degree-granting, primarily baccalaureate or above","4781","685","283","678","283"
"230889","Goddard College","2023","Title IV postsecondary institution","Vermont","Private not-for-profit, 4-year or above","Degree-granting, primarily baccalaureate or above","409","50","100","50","100"
"230995","Norwich University","2023","Title IV postsecondary institution","Vermont","Private not-for-profit, 4-year or above","Degree-granting, primarily baccalaureate or above","4800","731","312","709","312"
"231059","Saint Michael's College","2023","Title IV postsecondary institution","Vermont","Private not-for-profit, 4-year or above","Degree-granting, primarily baccalaureate or above","1945","309","57","309","57"
"231420","Averett University","2023","Title IV postsecondary institution","Virginia","Private not-for-profit, 4-year or above","Degree-granting, primarily baccalaureate or above","1656","262","75","262","75"
"231554","Bluefield University","2023","Title IV postsecondary institution","Virginia","Private not-for-profit, 4-year or above","Degree-granting, primarily baccalaureate or above","1171","146","164","146","164"
"231581","Bridgewater College","2023","Title IV postsecondary institution","Virginia","Private not-for-profit, 4-year or above","Degree-granting, primarily baccalaureate or above","1461","328","26","328","26"
"232089","Ferrum College","2023","Title IV postsecondary institution","Virginia","Private not-for-profit, 4-year or above","Degree-granting, primarily baccalaureate or above","989","186","2","186","2"
"232308","Hollins University","2023","Title IV postsecondary institution","Virginia","Private not-for-profit, 4-year or above","Degree-granting, primarily baccalaureate or above","992","153","48","150","48"
"233295","Randolph-Macon College","2023","Title IV postsecondary institution","Virginia","Private not-for-profit, 4-year or above","Degree-granting, primarily baccalaureate or above","1536","329","0","329","0"
"233301","Randolph College","2023","Title IV postsecondary institution","Virginia","Private not-for-profit, 4-year or above","Degree-granting, primarily baccalaureate or above","790","92","39","92","39"
"233426","Roanoke College","2023","Title IV postsecondary institution","Virginia","Private not-for-profit, 4-year or above","Degree-granting, primarily baccalaureate or above","1874","416","0","416","0"
"233718","Sweet Briar College","2023","Title IV postsecondary institution","Virginia","Private not-for-profit, 4-year or above","Degree-granting, primarily baccalaureate or above","474","72","3","72","3"
"234173","Virginia Wesleyan University","2023","Title IV postsecondary institution","Virginia","Private not-for-profit, 4-year or above","Degree-granting, primarily baccalaureate or above","1793","253","38","253","38"
"235422","Heritage University","2023","Title IV postsecondary institution","Washington","Private not-for-profit, 4-year or above","Degree-granting, primarily baccalaureate or above","980","186","29","186","29"
"237136","Appalachian Bible College","2023","Title IV postsecondary institution","West Virginia","Private not-for-profit, 4-year or above","Degree-granting, primarily baccalaureate or above","273","38","4","38","4"
"237181","Bethany College","2023","Title IV postsecondary institution","West Virginia","Private not-for-profit, 4-year or above","Degree-granting, primarily baccalaureate or above","639","102","9","102","9"
"238476","Carthage College","2023","Title IV postsecondary institution","Wisconsin","Private not-for-profit, 4-year or above","Degree-granting, primarily baccalaureate or above","2801","558","59","558","59"
"238980","Lakeland University","2023","Title IV postsecondary institution","Wisconsin","Private not-for-profit, 4-year or above","Degree-granting, primarily baccalaureate or above","2905","371","196","371","196"
"239080","Marian University","2023","Title IV postsecondary institution","Wisconsin","Private not-for-profit, 4-year or above","Degree-granting, primarily baccalaureate or above","1804","287","87","287","87"
"239318","Milwaukee School of Engineering","2023","Title IV postsecondary institution","Wisconsin","Private not-for-profit, 4-year or above","Degree-granting, primarily baccalaureate or above","2808","551","93","547","91"
"239628","Ripon College","2023","Title IV postsecondary institution","Wisconsin","Private not-for-profit, 4-year or above","Degree-granting, primarily baccalaureate or above","775","166","0","166","0"
"239716","Saint Norbert College","2023","Title IV postsecondary institution","Wisconsin","Private not-for-profit, 4-year or above","Degree-granting, primarily baccalaureate or above","2323","390","16","390","16"
"240338","Wisconsin Lutheran College","2023","Title IV postsecondary institution","Wisconsin","Private not-for-profit, 4-year or above","Degree-granting, primarily baccalaureate or above","1273","186","26","186","26"
"245652","St. John's College","2023","Title IV postsecondary institution","New Mexico","Private not-for-profit, 4-year or above","Degree-granting, primarily baccalaureate or above","547","59","36","59","36"
"245953","Mid-America Christian University","2023","Title IV postsecondary institution","Oklahoma","Private not-for-profit, 4-year or above","Degree-granting, primarily baccalaureate or above","2580","264","172","264","172"
"363712","Yeshivah Gedolah Rabbinical College","2023","Title IV postsecondary institution","Florida","Private not-for-profit, 4-year or above","Degree-granting, primarily baccalaureate or above","46","2","0","2","0"
"367884","Hodges University","2023","Title IV postsecondary institution","Florida","Private not-for-profit, 4-year or above","Degree-granting, primarily baccalaureate or above","785","78","60","78","60"
"385619","Everglades University","2023","Title IV postsecondary institution","Florida","Private not-for-profit, 4-year or above","Degree-granting, primarily baccalaureate or above","3072","296","146","296","146"
"399911","Soka University of America","2023","Title IV postsecondary institution","California","Private not-for-profit, 4-year or above","Degree-granting, primarily baccalaureate or above","462","98","4","98","4"
"426314","Embry-Riddle Aeronautical University-Worldwide","2023","Title IV postsecondary institution","Florida","Private not-for-profit, 4-year or above","Degree-granting, primarily baccalaureate or above","17233","1529","1154","1525","1154"
"433387","Western Governors University","2023","Title IV postsecondary institution","Utah","Private not-for-profit, 4-year or above","Degree-granting, primarily baccalaureate or above","236992","23973","22141","23973","22141"
"433536","Herzing University-New Orleans","2023","Title IV postsecondary institution","Louisiana","Private not-for-profit, 4-year or above","Degree-granting, primarily baccalaureate or above","632","52","7","52","7"
"440794","Pillar College","2023","Title IV postsecondary institution","New Jersey","Private not-for-profit, 4-year or above","Degree-granting, primarily baccalaureate or above","723","31","32","31","32"
"443340","Williamson Christian College","2023","Title IV postsecondary institution","Tennessee","Private not-for-profit, 4-year or above","Degree-granting, primarily baccalaureate or above","74","11","2","11","2"
"444398","Baptist University of the Americas","2023","Title IV postsecondary institution","Texas","Private not-for-profit, 4-year or above","Degree-granting, primarily baccalaureate or above","120","14","0","14","0"
"445267","Central Methodist University-College of Graduate and Extended Studies","2023","Title IV postsecondary institution","Missouri","Private not-for-profit, 4-year or above","Degree-granting, primarily baccalaureate or above","4557","481","101","481","101"
"446233","Ecclesia College","2023","Title IV postsecondary institution","Arkansas","Private not-for-profit, 4-year or above","Degree-granting, primarily baccalaureate or above","186","29","0","29","0"
"447953","SUM Bible College and Theological Seminary","2023","Title IV postsecondary institution","California","Private not-for-profit, 4-year or above","Degree-granting, primarily baccalaureate or above","787","59","31","59","31"
"456481","Polytechnic University of Puerto Rico-Miami","2023","Title IV postsecondary institution","Florida","Private not-for-profit, 4-year or above","Degree-granting, primarily baccalaureate or above","73","5","13","5","12"
"456490","Polytechnic University of Puerto Rico-Orlando","2023","Title IV postsecondary institution","Florida","Private not-for-profit, 4-year or above","Degree-granting, primarily baccalaureate or above","180","21","5","21","5"
"457402","University of Fort Lauderdale","2023","Title IV postsecondary institution","Florida","Private not-for-profit, 4-year or above","Degree-granting, primarily baccalaureate or above","326","7","3","7","3"
"457484","Pacific Rim Christian University","2023","Title IV postsecondary institution","Hawaii","Private not-for-profit, 4-year or above","Degree-granting, primarily baccalaureate or above","180","14","5","13","5"
"457697","City Vision University","2023","Title IV postsecondary institution","Missouri","Private not-for-profit, 4-year or above","Degree-granting, primarily baccalaureate or above","320","20","15","20","15"
"459842","Herzing University-Kenosha","2023","Title IV postsecondary institution","Wisconsin","Private not-for-profit, 4-year or above","Degree-granting, primarily baccalaureate or above","1043","157","4","157","4"
"461032","Carolina College of Biblical Studies","2023","Title IV postsecondary institution","North Carolina","Private not-for-profit, 4-year or above","Degree-granting, primarily baccalaureate or above","206","18","9","17","9"
"461759","Simmons College of Kentucky","2023","Title IV postsecondary institution","Kentucky","Private not-for-profit, 4-year or above","Degree-granting, primarily baccalaureate or above","279","13","0","13","0"
"461795","North American University","2023","Title IV postsecondary institution","Texas","Private not-for-profit, 4-year or above","Degree-granting, primarily baccalaureate or above","1129","42","184","42","184"
"464226","Ottawa University-Surprise","2023","Title IV postsecondary institution","Arizona","Private not-for-profit, 4-year or above","Degree-granting, primarily baccalaureate or above","966","147","30","147","30"
"474863","Los Angeles Pacific University","2023","Title IV postsecondary institution","California","Private not-for-profit, 4-year or above","Degree-granting, primarily baccalaureate or above","3023","237","106","237","106"
"475398","Catholic Distance University","2023","Title IV postsecondary institution","West Virginia","Private not-for-profit, 4-year or above","Degree-granting, primarily baccalaureate or above","270","8","17","8","17"
"475608","Criswell College","2023","Title IV postsecondary institution","Texas","Private not-for-profit, 4-year or above","Degree-granting, primarily baccalaureate or above","185","22","7","22","7"
"480569","Florida Institute of Technology-Online","2023","Title IV postsecondary institution","Florida","Private not-for-profit, 4-year or above","Degree-granting, primarily baccalaureate or above","2158","165","232","164","232"
"480985","Midwives College of Utah","2023","Title IV postsecondary institution","Utah","Private not-for-profit, 4-year or above","Degree-granting, primarily baccalaureate or above","385","24","1","24","1"
"486284","Bethany Global University","2023","Title IV postsecondary institution","Minnesota","Private not-for-profit, 4-year or above","Degree-granting, primarily baccalaureate or above","310","54","15","54","15"
"487603","Northwest University-Center for Online and Extended Education","2023","Title IV postsecondary institution","Washington","Private not-for-profit, 4-year or above","Degree-granting, primarily baccalaureate or above","1543","142","51","142","51"
"488785","University of Saint Katherine","2023","Title IV postsecondary institution","California","Private not-for-profit, 4-year or above","Degree-granting, primarily baccalaureate or above","273","65","12","65","12"
"490230","Reformed University","2023","Title IV postsecondary institution","Georgia","Private not-for-profit, 4-year or above","Degree-granting, primarily baccalaureate or above","306","8","2","8","2"
"497408","Bridges Christian College","2023","Title IV postsecondary institution","Louisiana","Private not-for-profit, 4-year or above","Degree-granting, primarily baccalaureate or above","64","6","0","6","0"
"497480","Reach University","2023","Title IV postsecondary institution","California","Private not-for-profit, 4-year or above","Degree-granting, primarily baccalaureate or above","1189","11","7","11","7"
